{
	"fortune+0.1": {
		"title": "+0.1 Fortune",
		"icon": {
			"type": "item",
			"data": {
				"item": "diamond"
			}
		},
		"rewards": [
			{
				"type": "puffish_skills:attribute",
				"data": {
					"attribute": "puffish_skills:player.fortune",
					"value": 0.1,
					"operation": "addition"
				}
			}
		],
		"metadata": {
			"icon": "18oru6kkilmww1ro"
		}
	},
	"mining_speed+3%": {
		"title": "+3% Mining Speed",
		"icon": {
			"type": "effect",
			"data": {
				"effect": "haste"
			}
		},
		"rewards": [
			{
				"type": "puffish_skills:attribute",
				"data": {
					"attribute": "puffish_skills:player.mining_speed",
					"value": 0.03,
					"operation": "multiply_base"
				}
			}
		],
		"metadata": {
			"icon": "5ru4pbla6fd4hg8w"
		}
	}
}