{
	"-13_-1": {
		"definition": "fortune+0.1",
		"x": -416,
		"y": -32,
		"root": false
	},
	"-13_1": {
		"definition": "fortune+0.1",
		"x": -416,
		"y": 32,
		"root": false
	},
	"-11_-2": {
		"definition": "mining_speed+3%",
		"x": -352,
		"y": -64,
		"root": false
	},
	"-11_2": {
		"definition": "mining_speed+3%",
		"x": -352,
		"y": 64,
		"root": false
	},
	"-10_-8": {
		"definition": "fortune+0.1",
		"x": -320,
		"y": -256,
		"root": false
	},
	"-10_-4": {
		"definition": "mining_speed+3%",
		"x": -320,
		"y": -128,
		"root": false
	},
	"-10_4": {
		"definition": "mining_speed+3%",
		"x": -320,
		"y": 128,
		"root": false
	},
	"-10_8": {
		"definition": "fortune+0.1",
		"x": -320,
		"y": 256,
		"root": false
	},
	"-9_-6": {
		"definition": "mining_speed+3%",
		"x": -288,
		"y": -192,
		"root": false
	},
	"-9_-1": {
		"definition": "mining_speed+3%",
		"x": -288,
		"y": -32,
		"root": false
	},
	"-9_1": {
		"definition": "mining_speed+3%",
		"x": -288,
		"y": 32,
		"root": false
	},
	"-9_6": {
		"definition": "mining_speed+3%",
		"x": -288,
		"y": 192,
		"root": false
	},
	"-8_-10": {
		"definition": "fortune+0.1",
		"x": -256,
		"y": -320,
		"root": false
	},
	"-8_-3": {
		"definition": "mining_speed+3%",
		"x": -256,
		"y": -96,
		"root": false
	},
	"-8_3": {
		"definition": "mining_speed+3%",
		"x": -256,
		"y": 96,
		"root": false
	},
	"-8_10": {
		"definition": "fortune+0.1",
		"x": -256,
		"y": 320,
		"root": false
	},
	"-7_-5": {
		"definition": "mining_speed+3%",
		"x": -224,
		"y": -160,
		"root": false
	},
	"-7_5": {
		"definition": "mining_speed+3%",
		"x": -224,
		"y": 160,
		"root": false
	},
	"-6_-9": {
		"definition": "mining_speed+3%",
		"x": -192,
		"y": -288,
		"root": false
	},
	"-6_-2": {
		"definition": "mining_speed+3%",
		"x": -192,
		"y": -64,
		"root": false
	},
	"-6_2": {
		"definition": "mining_speed+3%",
		"x": -192,
		"y": 64,
		"root": false
	},
	"-6_9": {
		"definition": "mining_speed+3%",
		"x": -192,
		"y": 288,
		"root": false
	},
	"-5_-7": {
		"definition": "mining_speed+3%",
		"x": -160,
		"y": -224,
		"root": false
	},
	"-5_7": {
		"definition": "mining_speed+3%",
		"x": -160,
		"y": 224,
		"root": false
	},
	"-4_-10": {
		"definition": "mining_speed+3%",
		"x": -128,
		"y": -320,
		"root": false
	},
	"-4_-1": {
		"definition": "mining_speed+3%",
		"x": -128,
		"y": -32,
		"root": false
	},
	"-4_1": {
		"definition": "mining_speed+3%",
		"x": -128,
		"y": 32,
		"root": false
	},
	"-4_10": {
		"definition": "mining_speed+3%",
		"x": -128,
		"y": 320,
		"root": false
	},
	"-3_-8": {
		"definition": "mining_speed+3%",
		"x": -96,
		"y": -256,
		"root": false
	},
	"-3_8": {
		"definition": "mining_speed+3%",
		"x": -96,
		"y": 256,
		"root": false
	},
	"-2_-11": {
		"definition": "mining_speed+3%",
		"x": -64,
		"y": -352,
		"root": false
	},
	"-2_-6": {
		"definition": "mining_speed+3%",
		"x": -64,
		"y": -192,
		"root": false
	},
	"-2_0": {
		"definition": "mining_speed+3%",
		"x": -64,
		"y": 0,
		"root": false
	},
	"-2_6": {
		"definition": "mining_speed+3%",
		"x": -64,
		"y": 192,
		"root": false
	},
	"-2_11": {
		"definition": "mining_speed+3%",
		"x": -64,
		"y": 352,
		"root": false
	},
	"-1_-13": {
		"definition": "fortune+0.1",
		"x": -32,
		"y": -416,
		"root": false
	},
	"-1_-9": {
		"definition": "mining_speed+3%",
		"x": -32,
		"y": -288,
		"root": false
	},
	"-1_-4": {
		"definition": "mining_speed+3%",
		"x": -32,
		"y": -128,
		"root": false
	},
	"-1_4": {
		"definition": "mining_speed+3%",
		"x": -32,
		"y": 128,
		"root": false
	},
	"-1_9": {
		"definition": "mining_speed+3%",
		"x": -32,
		"y": 288,
		"root": false
	},
	"-1_13": {
		"definition": "fortune+0.1",
		"x": -32,
		"y": 416,
		"root": false
	},
	"0_-2": {
		"definition": "mining_speed+3%",
		"x": 0,
		"y": -64,
		"root": false
	},
	"0_0": {
		"definition": "mining_speed+3%",
		"x": 0,
		"y": 0,
		"root": true
	},
	"0_2": {
		"definition": "mining_speed+3%",
		"x": 0,
		"y": 64,
		"root": false
	},
	"1_-13": {
		"definition": "fortune+0.1",
		"x": 32,
		"y": -416,
		"root": false
	},
	"1_-9": {
		"definition": "mining_speed+3%",
		"x": 32,
		"y": -288,
		"root": false
	},
	"1_-4": {
		"definition": "mining_speed+3%",
		"x": 32,
		"y": -128,
		"root": false
	},
	"1_4": {
		"definition": "mining_speed+3%",
		"x": 32,
		"y": 128,
		"root": false
	},
	"1_9": {
		"definition": "mining_speed+3%",
		"x": 32,
		"y": 288,
		"root": false
	},
	"1_13": {
		"definition": "fortune+0.1",
		"x": 32,
		"y": 416,
		"root": false
	},
	"2_-11": {
		"definition": "mining_speed+3%",
		"x": 64,
		"y": -352,
		"root": false
	},
	"2_-6": {
		"definition": "mining_speed+3%",
		"x": 64,
		"y": -192,
		"root": false
	},
	"2_0": {
		"definition": "mining_speed+3%",
		"x": 64,
		"y": 0,
		"root": false
	},
	"2_6": {
		"definition": "mining_speed+3%",
		"x": 64,
		"y": 192,
		"root": false
	},
	"2_11": {
		"definition": "mining_speed+3%",
		"x": 64,
		"y": 352,
		"root": false
	},
	"3_-8": {
		"definition": "mining_speed+3%",
		"x": 96,
		"y": -256,
		"root": false
	},
	"3_8": {
		"definition": "mining_speed+3%",
		"x": 96,
		"y": 256,
		"root": false
	},
	"4_-10": {
		"definition": "mining_speed+3%",
		"x": 128,
		"y": -320,
		"root": false
	},
	"4_-1": {
		"definition": "mining_speed+3%",
		"x": 128,
		"y": -32,
		"root": false
	},
	"4_1": {
		"definition": "mining_speed+3%",
		"x": 128,
		"y": 32,
		"root": false
	},
	"4_10": {
		"definition": "mining_speed+3%",
		"x": 128,
		"y": 320,
		"root": false
	},
	"5_-7": {
		"definition": "mining_speed+3%",
		"x": 160,
		"y": -224,
		"root": false
	},
	"5_7": {
		"definition": "mining_speed+3%",
		"x": 160,
		"y": 224,
		"root": false
	},
	"6_-9": {
		"definition": "mining_speed+3%",
		"x": 192,
		"y": -288,
		"root": false
	},
	"6_-2": {
		"definition": "mining_speed+3%",
		"x": 192,
		"y": -64,
		"root": false
	},
	"6_2": {
		"definition": "mining_speed+3%",
		"x": 192,
		"y": 64,
		"root": false
	},
	"6_9": {
		"definition": "mining_speed+3%",
		"x": 192,
		"y": 288,
		"root": false
	},
	"7_-5": {
		"definition": "mining_speed+3%",
		"x": 224,
		"y": -160,
		"root": false
	},
	"7_5": {
		"definition": "mining_speed+3%",
		"x": 224,
		"y": 160,
		"root": false
	},
	"8_-10": {
		"definition": "fortune+0.1",
		"x": 256,
		"y": -320,
		"root": false
	},
	"8_-3": {
		"definition": "mining_speed+3%",
		"x": 256,
		"y": -96,
		"root": false
	},
	"8_3": {
		"definition": "mining_speed+3%",
		"x": 256,
		"y": 96,
		"root": false
	},
	"8_10": {
		"definition": "fortune+0.1",
		"x": 256,
		"y": 320,
		"root": false
	},
	"9_-6": {
		"definition": "mining_speed+3%",
		"x": 288,
		"y": -192,
		"root": false
	},
	"9_-1": {
		"definition": "mining_speed+3%",
		"x": 288,
		"y": -32,
		"root": false
	},
	"9_1": {
		"definition": "mining_speed+3%",
		"x": 288,
		"y": 32,
		"root": false
	},
	"9_6": {
		"definition": "mining_speed+3%",
		"x": 288,
		"y": 192,
		"root": false
	},
	"10_-8": {
		"definition": "fortune+0.1",
		"x": 320,
		"y": -256,
		"root": false
	},
	"10_-4": {
		"definition": "mining_speed+3%",
		"x": 320,
		"y": -128,
		"root": false
	},
	"10_4": {
		"definition": "mining_speed+3%",
		"x": 320,
		"y": 128,
		"root": false
	},
	"10_8": {
		"definition": "fortune+0.1",
		"x": 320,
		"y": 256,
		"root": false
	},
	"11_-2": {
		"definition": "mining_speed+3%",
		"x": 352,
		"y": -64,
		"root": false
	},
	"11_2": {
		"definition": "mining_speed+3%",
		"x": 352,
		"y": 64,
		"root": false
	},
	"13_-1": {
		"definition": "fortune+0.1",
		"x": 416,
		"y": -32,
		"root": false
	},
	"13_1": {
		"definition": "fortune+0.1",
		"x": 416,
		"y": 32,
		"root": false
	},
	"y46r2xj0bicx04ir": {
		"definition": "mining_speed+3%",
		"x": 0,
		"y": -480,
		"root": false
	},
	"kx8y0w6pwmj8l36g": {
		"definition": "mining_speed+3%",
		"x": -128,
		"y": -448,
		"root": false
	},
	"la9ne5t4ntd802g2": {
		"definition": "mining_speed+3%",
		"x": 128,
		"y": -448,
		"root": false
	},
	"pvz5xvvidomje057": {
		"definition": "mining_speed+3%",
		"x": -224,
		"y": -416,
		"root": false
	},
	"lxze4nyqjsom54eo": {
		"definition": "mining_speed+3%",
		"x": -416,
		"y": -224,
		"root": false
	},
	"3jjr68ldl2z8ccig": {
		"definition": "mining_speed+3%",
		"x": 224,
		"y": -416,
		"root": false
	},
	"ksvsrpjesfzweii0": {
		"definition": "mining_speed+3%",
		"x": 416,
		"y": -224,
		"root": false
	},
	"34crkzbawcvg0sbj": {
		"definition": "mining_speed+3%",
		"x": 0,
		"y": 480,
		"root": false
	},
	"20owiohffoj2sldc": {
		"definition": "mining_speed+3%",
		"x": 128,
		"y": 448,
		"root": false
	},
	"p82h31sjnqelm3p5": {
		"definition": "mining_speed+3%",
		"x": -128,
		"y": 448,
		"root": false
	},
	"d9hkcgc5u06nq54v": {
		"definition": "mining_speed+3%",
		"x": 224,
		"y": 416,
		"root": false
	},
	"qa84itduqaihfo1d": {
		"definition": "mining_speed+3%",
		"x": -224,
		"y": 416,
		"root": false
	},
	"i7mkt588w3w6rydx": {
		"definition": "mining_speed+3%",
		"x": -480,
		"y": 0,
		"root": false
	},
	"uutqhvxiko7knho6": {
		"definition": "mining_speed+3%",
		"x": 480,
		"y": 0,
		"root": false
	},
	"lhx8whndtib9gygg": {
		"definition": "mining_speed+3%",
		"x": 448,
		"y": -128,
		"root": false
	},
	"yk8p581n16mx8aro": {
		"definition": "mining_speed+3%",
		"x": 448,
		"y": 128,
		"root": false
	},
	"9htwpxpabldxh0re": {
		"definition": "mining_speed+3%",
		"x": -448,
		"y": 128,
		"root": false
	},
	"xfsjm7lmjk9gfznw": {
		"definition": "mining_speed+3%",
		"x": -448,
		"y": -128,
		"root": false
	},
	"75hey2t0sflz3b9u": {
		"definition": "mining_speed+3%",
		"x": 416,
		"y": 224,
		"root": false
	},
	"8sljcwgg2adupya5": {
		"definition": "mining_speed+3%",
		"x": -416,
		"y": 224,
		"root": false
	},
	"qrzynaqg0rqtzsv2": {
		"definition": "mining_speed+3%",
		"x": -352,
		"y": -352,
		"root": false
	},
	"7atwf2lziui56vtb": {
		"definition": "mining_speed+3%",
		"x": 352,
		"y": -352,
		"root": false
	},
	"pfaamn026b3l6d06": {
		"definition": "mining_speed+3%",
		"x": 352,
		"y": 352,
		"root": false
	},
	"qvvfobqzklji7z2i": {
		"definition": "mining_speed+3%",
		"x": -352,
		"y": 352,
		"root": false
	}
}